ZAKAZKA_ID,TYPDILUSKR_ID,PORADOVE_CISLO,SIRKA,HLOUBKA,TLOUSTKA,X1,Y1,X3,Y3,VZD_X1,VZD_Y1,VZD_X3,VZD_Y3,VZD_Z,VRTAT,KOD_MAT,CISLO
6535,6,20,490,2000,18,533,600,650,126,2041,48,2531,2048,0,NN,4784,2
6535,6,21,482,1500,18,653,600,770,244,2549,48,3031,1548,0,NN,4784,2
6535,52,22,989,564,18,53,526,289,523,18,348,1007,366,0,NN,4827,1
6535,22,23,989,564,18,53,451,289,448,18,666,1007,684,0,AA,4827,1
6535,22,24,989,564,18,53,145,289,142,18,1956,1007,1974,0,AA,4827,1
6535,22,25,490,564,18,292,526,409,523,1025,348,1515,366,0,AA,4827,1
6535,22,26,490,564,18,412,526,530,523,1533,348,2023,366,0,AA,4827,1
6535,52,27,490,564,18,533,526,650,523,2041,348,2531,366,0,NN,4827,1
6535,52,28,482,564,18,653,408,770,405,2549,848,3031,866,0,NN,4827,1
6535,22,29,490,562,18,533,451,650,448,2041,666,2531,684,0,AA,4827,1
6535,52,30,490,564,18,533,375,650,372,2041,984,2531,1002,0,NN,4827,1
6535,52,31,490,564,18,533,300,650,297,2041,1302,2531,1320,0,NN,4827,1
6535,22,32,490,564,18,412,358,530,355,1533,1056,2023,1074,0,AA,4827,1
6535,52,33,490,564,18,412,283,530,280,1533,1374,2023,1392,0,NN,4827,1
6535,52,34,490,564,18,412,208,530,205,1533,1692,2023,1710,0,NN,4827,1
6535,22,35,490,564,18,292,145,409,142,1025,1956,1515,1974,0,AA,4827,1
6535,32,36,490,0,0,292,152,409,152,0,0,0,0,0,NN,5572,1
6535,32,37,989,0,0,53,152,289,152,0,0,0,0,0,NN,5572,1
6535,44,38,690,564,18,428,523,431,358,1595,366,1613,1056,0,NN,4827,1
6535,62,39,62,690,18,412,523,428,358,1533,366,1595,1056,0,NN,4827,1
6535,9,40,400,500,220,431,410,530,358,1613,836,2023,1056,0,NN,5369,1
6535,9,41,400,500,220,431,462,530,410,1613,616,2023,836,0,NN,5369,1
6535,9,42,400,500,220,431,514,530,462,1613,396,2023,616,0,NN,5369,1
6535,35,43,1507,564,18,411,603,770,600,1524,30,3031,48,0,AA,7741,1
6535,34,44,1507,30,18,411,610,770,603,1524,0,3031,30,0,NN,7741,1
6535,157,45,1200,30,18,773,610,778,325,0,0,0,0,0,NN,7741,1
6536,18,1,0,530,0,50,610,636,610,0,0,2468,0,0,NN,0,1
6536,20,2,0,530,0,50,610,50,50,0,0,0,2358,0,NN,0,1
6536,19,3,0,530,0,50,50,636,50,0,2358,2468,2358,0,NN,0,1
6536,21,4,0,530,0,636,610,636,50,2468,0,2468,2358,0,NN,0,1
6536,15,5,842,485,18,50,610,53,410,0,0,18,842,0,NN,7741,1
6536,30,6,2358,530,18,633,610,636,50,2450,0,2468,2358,0,NN,7741,1
6536,44,7,2358,530,18,411,610,414,50,1518,0,1536,2358,0,NN,7741,1
6536,39,8,914,80,18,415,8,632,0,1536,2340,2450,2358,0,NN,7741,1
6536,61,9,914,80,18,415,20,632,12,1536,0,2450,18,0,NN,7741,1
6536,156,10,842,30,18,45,610,50,410,0,0,0,0,0,NN,7741,1
6536,157,11,2356,30,18,636,610,641,50,0,0,0,0,0,NN,7741,1
6536,22,12,1548,528,36,50,407,411,401,-30,842,1518,878,0,AA,7743,1
6536,44,13,842,508,18,408,610,411,407,1500,0,1518,842,0,NN,7741,1
6536,44,14,842,508,18,117,610,120,407,282,0,300,842,0,NN,7741,1
6536,22,15,264,483,18,53,602,117,599,18,30,282,48,0,AA,7741,1
6536,52,16,264,483,18,53,505,117,502,18,436,282,454,0,NN,7741,1
6536,62,17,264,30,18,53,610,117,602,18,0,282,30,0,NN,7741,1
6536,22,18,1200,508,18,120,602,408,599,300,30,1500,48,0,AA,7741,1
6536,62,19,1200,30,18,120,610,408,602,300,0,1500,30,0,NN,7741,1
6536,22,20,1200,508,18,120,459,408,456,300,630,1500,648,0,AA,4827,1
6536,44,21,582,508,18,262,599,265,459,891,48,909,630,0,NN,4827,1
6536,90,22,1200,194,18,120,456,408,407,300,648,1500,842,0,NN,7741,1
6536,40,23,591,458,200,265,505,408,459,909,446,1500,646,0,NN,6465,1
6536,40,24,591,458,200,265,551,408,505,909,244,1500,444,0,NN,6465,1
6536,40,25,591,458,200,265,597,408,551,909,42,1500,242,0,NN,6465,1
6536,40,26,591,458,200,120,505,262,459,300,446,891,646,0,NN,6465,1
6536,40,27,591,458,200,120,551,262,505,300,244,891,444,0,NN,6465,1
6536,40,28,591,458,200,120,597,262,551,300,42,891,242,0,NN,6465,1
6536,52,29,914,450,18,414,547,633,544,1536,262,2450,280,0,NN,4827,1
6536,22,30,914,450,18,414,480,633,477,1536,542,2450,560,0,AA,4827,1
6536,52,31,914,450,18,414,414,633,411,1536,822,2450,840,0,NN,4827,1
6536,22,32,914,450,18,414,148,633,145,1536,1940,2450,1958,0,AA,4827,1
6536,32,33,914,0,0,414,155,633,155,0,0,0,0,0,NN,5572,1
6537,18,1,0,100,0,50,610,208,610,0,0,742,0,0,NN,0,1
6537,20,2,0,100,0,50,610,50,50,0,0,0,2627,0,NN,0,1
6537,19,3,0,100,0,50,50,208,50,0,2627,742,2627,0,NN,0,1
6537,21,4,0,100,0,208,610,208,50,742,0,742,2627,0,NN,0,1
6537,15,5,2630,100,18,50,610,53,49,0,0,18,2630,0,NN,4827,1
6537,30,6,2627,100,18,205,610,208,50,724,0,742,2627,0,NN,4827,1
6537,12,7,706,96,18,53,53,205,50,18,2609,724,2627,0,AA,4827,1
6533,18,1,0,90,0,50,610,346,610,0,0,1336,0,0,NN,0,1
6533,20,2,0,90,0,50,610,50,50,0,0,0,2528,0,NN,0,1
6533,19,3,0,90,0,50,50,346,50,0,2528,1336,2528,0,NN,0,1
6533,21,4,0,90,0,346,610,346,50,1336,0,1336,2528,0,NN,0,1
6533,15,5,2528,90,18,50,610,53,50,0,0,18,2528,0,NN,7741,1
6533,30,6,2532,90,18,343,610,346,49,1318,0,1336,2532,0,NN,7741,1
6533,35,7,1300,86,18,53,610,343,607,18,0,1318,18,0,AA,7741,1
6533,12,8,1300,86,18,53,53,343,50,18,2510,1318,2528,0,AA,7741,1
6534,18,1,0,550,0,50,610,569,610,0,0,2348,0,0,NN,0,1
6534,20,2,0,550,0,50,610,50,50,0,0,0,2533,0,NN,0,1
6534,19,3,0,550,0,50,50,569,50,0,2533,2348,2533,0,NN,0,1
6534,21,4,0,550,0,569,610,569,50,2348,0,2348,2533,0,NN,0,1
6534,15,5,2533,550,18,50,610,53,50,0,0,18,2533,0,NN,4871,1
6534,156,6,2531,30,18,45,610,50,50,0,0,0,0,0,NN,4871,1
6534,44,7,2533,550,18,324,610,327,50,1240,0,1258,2533,0,NN,4871,1
6534,22,8,1090,400,36,327,517,569,511,1258,414,2348,450,0,AA,6490,1
6534,44,9,414,398,18,328,610,331,517,1258,0,1276,414,0,NN,4871,1
6534,44,10,414,398,18,558,610,561,517,2300,0,2318,414,0,NN,4871,1
6534,3,11,1024,414,18,331,610,558,518,1276,0,2300,414,0,NN,4871,1
6534,62,12,30,414,18,561,610,569,517,2318,0,2348,414,0,NN,4871,1
6534,52,13,1024,360,18,331,560,558,557,1276,220,2300,238,0,NN,4871,1
6534,22,14,1090,400,18,327,156,569,153,1258,2050,2348,2068,0,AA,4871,1
6534,22,15,1060,400,18,327,60,561,57,1258,2485,2318,2503,0,AA,4871,1
6534,44,16,417,398,18,328,153,331,60,1258,2068,1276,2485,0,NN,4871,1
6534,44,17,417,398,18,558,153,561,60,2300,2068,2318,2485,0,NN,4871,1
6534,3,18,1024,417,18,331,153,558,61,1276,2068,2300,2485,0,NN,4871,1
6534,3,19,1090,1600,18,327,511,569,157,1258,450,2348,2050,0,NN,4871,1
6534,62,20,30,465,18,561,153,569,50,2318,2068,2348,2533,0,NN,4871,1
6534,62,21,1090,30,18,327,57,569,50,1258,2503,2348,2533,0,NN,4871,1
6534,61,22,1222,92,18,54,20,324,12,18,0,1240,18,0,NN,4871,1
6534,47,23,1222,48,92,54,32,324,24,18,2485,1240,2533,0,NN,4871,1
6534,22,24,1222,450,18,53,148,324,145,18,2086,1240,2104,0,AA,4871,1
6534,44,25,2086,448,18,187,610,190,148,620,0,638,2086,0,NN,4871,1
6534,22,26,602,446,18,190,532,324,529,638,350,1240,368,0,AA,4871,1
6534,22,27,602,446,18,190,218,324,215,638,1768,1240,1786,0,AA,4871,1
6534,52,28,602,446,18,53,532,187,529,18,350,620,368,0,NN,4871,1
6534,22,29,602,446,18,53,472,187,469,18,618,620,636,0,AA,4871,1
6534,52,30,602,446,18,53,424,187,421,18,836,620,854,0,NN,4871,1
6534,52,31,602,446,18,53,376,187,373,18,1054,620,1072,0,NN,4871,1
6534,22,32,602,446,18,53,328,187,325,18,1272,620,1290,0,AA,4871,1
6534,52,33,602,446,18,53,280,187,277,18,1490,620,1508,0,NN,4871,1
6534,52,34,602,446,18,53,220,187,217,18,1758,620,1776,0,NN,4871,1
6534,33,35,0,0,0,251,225,265,218,0,0,0,0,0,NN,8427,1
6535,18,1,0,564,0,50,610,773,610,0,0,3049,0,0,NN,0,1
6535,20,2,0,564,0,50,610,50,50,0,0,0,2362,0,NN,0,1
6535,19,3,0,564,0,50,50,773,50,0,2362,3049,2362,0,NN,0,1
6535,21,4,0,564,0,773,610,773,50,3049,0,3049,2362,0,NN,0,1
6535,15,5,2332,564,18,50,610,53,57,0,0,18,2332,0,NN,7741,1
6535,30,6,1000,564,18,770,610,773,373,3031,0,3049,1000,0,NN,7741,1
6535,34,7,1506,30,18,53,610,411,603,18,0,1524,30,0,NN,7741,1
6535,35,8,1506,564,18,53,603,411,600,18,30,1524,48,0,AA,7741,1
6535,22,9,1800,564,18,53,60,480,57,18,2314,1818,2332,0,AA,7741,1
6535,156,10,2360,30,18,45,610,50,50,0,0,0,0,0,NN,7741,1
6535,44,11,2266,564,18,289,600,292,60,1007,48,1025,2314,0,NN,4827,1
6535,44,12,2266,564,18,409,600,412,60,1515,48,1533,2314,0,NN,4827,1
6535,44,13,2000,564,18,530,600,533,126,2023,48,2041,2048,0,AA,4827,1
6535,44,14,1500,564,18,650,600,653,244,2531,48,2549,1548,0,AA,4827,1
6535,5,15,989,2266,18,53,600,289,60,18,48,1007,2314,0,NN,4784,1
6535,6,16,490,2266,18,292,600,409,60,1025,48,1515,2314,0,NN,4784,1
6535,6,17,490,2314,18,412,600,530,50,1533,48,2023,2362,0,NN,4784,1
6535,88,18,490,564,0,533,126,649,126,2041,2048,2531,2048,0,NN,0,1
6535,88,19,482,564,0,653,244,767,244,2549,1548,3031,1548,0,NN,0,1
6537,85,8,706,48,96,54,44,204,36,18,0,724,48,0,NN,4827,1
6538,18,1,0,600,0,50,610,436,610,0,0,1750,0,0,NN,0,1
6538,20,2,0,600,0,50,610,50,50,0,0,0,2540,0,NN,0,1
6538,19,3,0,600,0,50,50,436,50,0,2540,1750,2540,0,NN,0,1
6538,21,4,0,600,0,436,610,436,50,1750,0,1750,2540,0,NN,0,1
6538,15,5,2543,600,18,50,610,53,49,0,0,18,2543,0,NN,8229,1
6538,30,6,2540,600,18,433,610,436,50,1732,0,1750,2540,0,NN,8229,1
6538,157,7,2538,30,18,436,610,441,50,0,0,0,0,0,NN,8229,1
6538,39,8,1714,92,18,54,8,432,0,18,2522,1732,2540,0,NN,8229,1
6538,61,9,1714,92,18,54,20,432,12,18,0,1732,18,0,NN,8229,1
6538,22,10,1714,500,18,53,142,433,139,18,2117,1732,2135,0,AA,8229,1
6538,44,11,2117,498,18,250,610,253,142,909,0,927,2117,0,NN,8229,1
6538,22,12,891,496,18,53,256,250,253,18,1600,909,1618,0,AA,8229,1
6538,52,13,805,496,18,253,256,433,253,927,1600,1732,1618,0,NN,8229,1
6538,44,14,1600,494,18,142,610,145,256,418,0,436,1600,0,NN,8229,1
6538,52,15,400,492,18,53,540,142,537,18,315,418,333,0,NN,8229,1
6538,52,16,805,496,18,253,540,433,537,927,315,1732,333,0,NN,8229,1
6538,22,17,805,496,18,253,466,433,463,927,648,1732,666,0,AA,8229,1
6538,22,18,400,492,18,53,466,142,463,18,648,418,666,0,AA,8229,1
6538,22,19,805,496,18,253,330,433,327,927,1266,1732,1284,0,AA,8229,1
6538,22,20,400,492,18,53,330,142,327,18,1266,418,1284,0,AA,8229,1
6538,52,21,805,496,18,253,199,433,196,927,1858,1732,1876,0,NN,8229,1
6538,52,22,891,496,18,53,199,250,196,18,1858,909,1876,0,NN,8229,1
6538,32,23,473,0,0,145,263,250,263,0,0,0,0,0,NN,5572,1
6538,43,24,805,468,170,253,373,433,336,927,1066,1732,1236,0,NN,6465,1
6538,43,25,805,468,170,253,416,433,379,927,866,1732,1036,0,NN,6465,1
6538,43,26,805,468,170,253,459,433,422,927,666,1732,836,0,NN,6465,1
6538,43,27,400,468,170,53,373,142,336,18,1066,418,1236,0,NN,6465,1
6538,43,28,400,468,170,53,416,142,379,18,866,418,1036,0,NN,6465,1
6538,43,29,400,468,170,53,459,142,422,18,666,418,836,0,NN,6465,1
6539,18,1,0,620,0,50,610,354,610,0,0,1376,0,0,NN,0,1
6539,20,2,0,620,0,50,610,50,50,0,0,0,2534,0,NN,0,1
6539,19,3,0,620,0,50,50,354,50,0,2534,1376,2534,0,NN,0,1
6539,21,4,0,620,0,354,610,354,50,1376,0,1376,2534,0,NN,0,1
6539,15,5,2527,620,18,50,610,53,52,0,0,18,2527,0,NN,4827,1
6539,30,6,2534,620,18,351,610,354,50,1358,0,1376,2534,0,NN,4827,1
6539,156,7,2525,30,18,45,610,50,52,0,0,0,0,0,NN,4827,1
6539,157,8,2527,30,18,354,610,359,52,0,0,0,0,0,NN,4827,1
6539,47,9,1340,48,92,54,32,350,24,18,2486,1358,2534,0,NN,4827,1
6539,85,10,1340,48,92,54,44,350,36,18,0,1358,48,0,NN,4827,1
6539,22,11,1340,520,18,53,134,351,131,18,2150,1358,2168,0,AA,4827,1
6539,44,12,2150,518,18,142,610,145,134,418,0,436,2150,0,NN,4827,1
6539,22,13,922,516,18,145,547,351,544,436,282,1358,300,0,AA,4827,1
6539,22,14,922,516,18,145,200,351,197,436,1850,1358,1868,0,AA,4827,1
6539,52,15,400,516,18,53,517,142,514,18,416,418,434,0,NN,4827,1
6539,22,16,400,516,18,53,421,142,418,18,850,418,868,0,AA,4827,1
6539,52,17,400,516,18,53,325,142,322,18,1284,418,1302,0,NN,4827,1
6539,22,18,400,516,18,53,229,142,226,18,1718,418,1736,0,AA,4827,1
6539,32,19,922,0,0,145,207,351,207,0,0,0,0,0,NN,5572,1
6540,18,1,0,620,0,50,610,548,610,0,0,2253,0,0,NN,0,1
6540,20,2,0,620,0,50,610,50,50,0,0,0,2532,0,NN,0,1
6540,19,3,0,620,0,50,50,548,50,0,2532,2253,2532,0,NN,0,1
6540,21,4,0,620,0,548,610,548,50,2253,0,2253,2532,0,NN,0,1
6540,15,5,2526,620,18,50,610,53,51,0,0,18,2526,0,NN,4827,1
6540,30,6,2532,620,18,545,610,548,50,2235,0,2253,2532,0,NN,4827,1
6540,156,7,2512,30,18,45,610,50,54,0,0,0,0,0,NN,4827,1
6540,157,8,2530,30,18,548,610,553,50,0,0,0,0,0,NN,4827,1
6540,47,9,2217,48,92,54,32,544,24,18,2484,2235,2532,0,NN,4827,1
6540,85,10,2217,48,92,54,44,544,36,18,0,2235,48,0,NN,4827,1
6540,22,11,2217,520,18,53,134,545,131,18,2150,2235,2168,0,AA,4827,1
6540,44,12,2150,518,18,215,610,218,134,745,0,763,2150,0,NN,4827,1
6540,44,13,2150,518,18,380,610,383,134,1490,0,1508,2150,0,NN,4827,1
6540,22,14,727,516,18,53,233,215,230,18,1700,745,1718,0,AA,4827,1
6540,44,15,1700,514,18,132,610,135,233,372,0,390,1700,0,NN,4827,1
6540,52,16,727,516,18,218,533,380,530,763,343,1490,361,0,NN,4827,1
6540,22,17,727,516,18,218,453,380,450,763,704,1490,722,0,AA,4827,1
6545,15,5,2620,495,18,50,610,53,50,0,0,18,2620,0,NN,7949,1
6545,30,6,2100,495,18,486,610,489,161,2038,0,2056,2100,0,NN,7949,1
6545,156,7,2620,30,18,45,610,50,50,0,0,0,0,0,NN,7949,1
6545,157,8,2100,30,18,489,610,494,161,0,0,0,0,0,NN,7949,1
6545,85,9,2020,48,92,54,44,486,36,18,0,2038,48,0,NN,7949,1
6545,22,10,2020,495,18,53,203,486,200,18,1900,2038,1918,0,AA,7949,1
6545,44,11,702,475,18,159,200,162,50,510,1918,528,2620,0,NN,7949,1
6545,44,12,702,475,18,268,200,271,50,1020,1918,1038,2620,0,NN,7949,1
6545,6,14,492,702,18,53,200,159,50,18,1918,510,2620,0,NN,7949,1
6545,6,15,492,702,18,162,200,268,50,528,1918,1020,2620,0,NN,7949,1
6545,6,16,492,702,18,271,200,377,50,1038,1918,1530,2620,0,NN,7949,1
6545,52,18,492,473,18,53,126,159,123,18,2260,510,2278,0,NN,4827,1
6545,44,19,1900,395,18,157,610,160,203,501,0,519,1900,0,NN,4827,1
6545,44,20,1900,395,18,379,610,382,203,1537,0,1555,1900,0,NN,4827,1
6545,44,21,1900,395,18,268,610,271,203,1019,0,1037,1900,0,NN,4827,1
6545,22,22,500,393,18,271,278,379,275,1037,1550,1537,1568,0,AA,4827,1
6545,22,23,500,393,18,160,278,268,275,519,1550,1019,1568,0,AA,4827,1
6545,52,24,483,393,18,382,544,486,541,1555,307,2038,325,0,NN,4827,1
6545,52,25,483,393,18,53,544,157,541,18,307,501,325,0,NN,4827,1
6545,22,26,483,393,18,382,474,486,471,1555,632,2038,650,0,AA,4827,1
6545,22,27,483,393,18,53,474,157,471,18,632,501,650,0,AA,4827,1
6545,22,28,483,393,18,382,342,486,339,1555,1250,2038,1268,0,AA,4827,1
6545,22,29,483,393,18,53,342,157,339,18,1250,501,1268,0,AA,4827,1
6545,52,30,483,393,18,382,273,486,270,1555,1575,2038,1593,0,NN,4827,1
6545,52,31,483,393,18,53,273,157,270,18,1575,501,1593,0,NN,4827,1
6545,33,32,0,0,0,320,285,334,278,0,0,0,0,0,NN,8426,1
6545,33,33,0,0,0,209,285,223,278,0,0,0,0,0,NN,8426,1
6545,43,34,483,368,170,382,384,486,348,1555,1050,2038,1220,0,NN,4827,1
6545,43,35,483,368,170,382,426,486,390,1555,850,2038,1020,0,NN,4827,1
6545,43,36,483,368,170,382,468,486,432,1555,650,2038,820,0,NN,4827,1
6545,43,37,483,368,170,53,384,157,348,18,1050,501,1220,0,NN,4827,1
6545,43,38,483,368,170,53,426,157,390,18,850,501,1020,0,NN,4827,1
6545,43,39,483,368,170,53,468,157,432,18,650,501,820,0,NN,4827,1
6540,52,18,727,516,18,218,373,380,370,763,1065,1490,1083,0,NN,4827,1
6540,22,19,727,516,18,218,294,380,291,763,1426,1490,1444,0,AA,4827,1
6540,52,20,727,516,18,218,214,380,211,763,1787,1490,1805,0,NN,4827,1
6540,22,21,727,516,18,383,547,545,544,1508,282,2235,300,0,AA,4827,1
6540,22,22,727,516,18,383,200,545,197,1508,1850,2235,1868,0,AA,4827,1
6540,32,23,727,0,0,383,207,545,207,0,0,0,0,0,NN,5572,1
6541,18,1,0,493,0,50,610,920,610,0,0,4162,0,3,NN,0,1
6541,20,2,0,493,0,50,610,50,55,0,0,0,2654,3,NN,0,1
6541,19,3,0,493,0,50,55,920,55,0,2654,4162,2654,3,NN,0,1
6541,21,4,0,493,0,920,610,920,55,4162,0,4162,2654,3,NN,0,1
6541,15,5,2660,492,18,50,610,53,54,0,0,18,2660,3,NN,4719,1
6541,30,6,2654,653,18,917,610,920,55,4144,0,4162,2654,-163,NN,4719,1
6541,44,8,2654,493,18,430,610,433,55,1820,0,1838,2654,3,NN,4719,1
6541,39,9,2306,92,18,434,8,916,0,1838,2636,4144,2654,0,NN,4719,1
6541,61,10,2306,92,18,434,20,916,12,1838,0,4144,18,0,NN,4719,1
6541,44,11,2654,553,18,673,610,676,55,2982,0,3000,2654,-163,NN,4719,1
6541,156,12,2658,30,18,45,610,50,54,0,0,0,0,0,NN,4719,1
6541,156,13,2658,20,18,45,610,50,54,0,0,0,0,0,NN,4719,1
6541,22,14,1144,393,18,433,167,673,164,1838,2118,2982,2136,3,AA,4719,1
6541,22,15,1144,551,18,676,167,917,164,3000,2118,4144,2136,-163,AA,4719,1
6541,44,16,2118,549,18,795,610,798,167,3563,0,3581,2118,-163,NN,4719,1
6541,44,17,2118,391,18,552,610,555,167,2401,0,2419,2118,3,NN,4719,1
6541,22,18,563,547,18,676,379,795,376,3000,1100,3563,1118,-163,AA,4719,1
6541,22,19,563,547,18,798,379,917,376,3581,1100,4144,1118,-163,AA,4719,1
6541,52,20,563,389,18,555,549,673,546,2419,287,2982,305,3,NN,4719,1
6541,22,21,563,389,18,555,485,673,482,2419,592,2982,610,3,AA,4719,1
6541,52,22,563,389,18,555,422,673,419,2419,897,2982,915,3,NN,4719,1
6541,22,23,563,389,18,555,358,673,355,2419,1202,2982,1220,3,AA,4719,1
6541,52,24,563,389,18,555,294,673,291,2419,1507,2982,1525,3,NN,4719,1
6541,52,25,563,389,18,555,230,673,227,2419,1812,2982,1830,3,NN,4719,1
6541,52,26,563,389,18,433,549,552,546,1838,287,2401,305,3,NN,4719,1
6541,52,27,563,389,18,433,485,552,482,1838,592,2401,610,3,NN,4719,1
6541,22,28,563,389,18,433,422,552,419,1838,897,2401,915,3,AA,4719,1
6541,52,29,563,389,18,433,358,552,355,1838,1202,2401,1220,3,NN,4719,1
6541,22,30,563,389,18,433,294,552,291,1838,1507,2401,1525,3,AA,4719,1
6541,52,31,563,389,18,433,230,552,227,1838,1812,2401,1830,3,NN,4719,1
6541,44,32,2624,468,18,292,610,295,61,1160,0,1178,2624,3,NN,4719,1
6541,22,33,1142,490,36,53,522,292,516,18,414,1160,450,3,AA,6654,1
6541,22,34,1142,468,18,53,156,292,153,18,2166,1160,2184,3,AA,4719,1
6541,22,35,642,468,18,295,158,430,155,1178,2157,1820,2175,3,AA,4719,1
6541,22,36,1142,468,18,53,64,292,61,18,2606,1160,2624,3,AA,4719,1
6541,22,37,642,468,18,295,64,430,61,1178,2606,1820,2624,3,AA,4719,1
6541,22,38,642,458,18,295,603,430,600,1178,30,1820,48,13,AA,4719,1
6541,44,39,414,468,18,54,610,57,522,18,0,36,414,3,NN,4719,1
6541,44,40,414,468,18,289,610,292,522,1142,0,1160,414,3,NN,4719,1
6541,22,41,1106,458,18,57,603,289,600,36,30,1142,48,13,AA,4719,1
6541,62,42,642,30,18,295,610,430,603,1178,0,1820,30,0,NN,4719,1
6541,62,43,1106,30,18,57,610,289,603,36,0,1142,30,0,NN,4719,1
6541,62,44,1802,30,18,53,61,430,55,18,2624,1820,2654,0,NN,4719,1
6541,3,45,1142,1716,18,53,516,292,157,18,450,1160,2166,0,NN,4719,1
6541,5,46,1106,366,18,57,600,289,522,36,48,1142,414,0,NN,4719,1
6541,44,47,422,468,18,289,153,292,64,1142,2184,1160,2606,3,NN,4719,1
6541,5,48,1124,422,18,53,153,289,64,18,2184,1142,2606,0,NN,4719,1
6541,7,49,642,431,18,295,155,430,64,1178,2175,1820,2606,0,NN,4719,1
6541,7,50,642,2109,18,295,600,430,158,1178,48,1820,2157,0,NN,4719,1
6541,44,51,422,468,18,169,153,172,64,571,2184,589,2606,3,NN,4719,1
6541,44,52,366,468,18,171,600,174,522,580,48,598,414,3,NN,4719,1
6541,52,53,642,468,18,295,526,430,523,1178,398,1820,416,3,NN,4719,1
6541,22,54,642,468,18,295,470,430,467,1178,666,1820,684,3,AA,4719,1
6541,52,55,642,468,18,295,427,430,424,1178,870,1820,888,3,NN,4719,1
6541,52,56,642,468,18,295,385,430,382,1178,1074,1820,1092,3,NN,4719,1
6541,22,57,642,468,18,295,342,430,339,1178,1278,1820,1296,3,AA,4719,1
6541,52,58,642,468,18,295,299,430,296,1178,1482,1820,1500,3,NN,4719,1
6541,52,59,642,468,18,295,250,430,247,1178,1720,1820,1738,3,NN,4719,1
6541,32,60,563,0,0,676,174,795,174,0,0,0,0,0,NN,5572,1
6541,32,61,563,0,0,798,174,917,174,0,0,0,0,0,NN,5572,1
6541,32,62,563,0,0,798,386,917,386,0,0,0,0,0,NN,5572,1
6541,32,63,563,0,0,676,386,795,386,0,0,0,0,0,NN,5572,1
6541,59,64,449,1160,0,50,154,292,61,0,2175,1160,2624,0,NN,4601,1
6541,59,65,2540,669,0,292,592,432,61,1160,84,1829,2624,0,NN,4601,1
6541,59,66,348,1160,0,50,592,292,519,0,84,1160,432,0,NN,4601,1
6542,18,1,0,730,0,50,610,352,610,0,0,1294,0,0,NN,0,1
6542,20,2,0,730,0,50,610,50,50,0,0,0,2400,0,NN,0,1
6542,19,3,0,730,0,50,50,352,50,0,2400,1294,2400,0,NN,0,1
6542,21,4,0,730,0,352,610,352,50,1294,0,1294,2400,0,NN,0,1
6542,15,5,2402,730,18,50,610,53,50,0,0,18,2402,0,NN,4647,1
6542,30,6,2400,730,18,349,610,352,50,1276,0,1294,2400,0,NN,4647,1
6542,156,7,2400,30,18,45,610,50,50,0,0,0,0,0,NN,4647,1
6542,157,8,2398,30,18,352,610,357,50,0,0,0,0,0,NN,4647,1
6542,39,9,1258,92,18,54,8,348,0,18,2382,1276,2400,0,NN,4647,1
6542,61,10,1258,92,18,54,20,348,12,18,0,1276,18,0,NN,4647,1
6542,44,11,2400,630,18,232,610,235,50,778,0,796,2400,0,NN,4647,1
6542,22,12,480,628,18,235,235,349,232,796,1600,1276,1618,0,AA,4647,1
6542,22,13,760,628,18,53,235,232,232,18,1600,778,1618,0,AA,4647,1
6542,52,14,480,628,18,235,142,349,139,796,2000,1276,2018,0,NN,4647,1
6542,22,15,760,628,18,53,142,232,139,18,2000,778,2018,0,AA,4647,1
6542,32,16,760,0,0,53,242,232,242,0,0,0,0,0,NN,5572,1
6543,18,1,0,598,0,50,610,237,610,0,0,840,0,0,NN,0,1
6543,20,2,0,598,0,50,610,50,50,0,0,0,2515,0,NN,0,1
6543,19,3,0,598,0,50,50,237,50,0,2515,840,2515,0,NN,0,1
6543,21,4,0,598,0,237,610,237,50,840,0,840,2515,0,NN,0,1
6543,15,5,2485,598,18,50,610,53,57,0,0,18,2485,0,NN,4647,1
6543,30,6,2485,598,18,234,610,237,57,822,0,840,2485,0,NN,4647,1
6543,34,7,804,30,18,53,610,234,603,18,0,822,30,0,NN,4647,1
6543,35,8,804,598,18,53,603,234,600,18,30,822,48,0,AA,4647,1
6543,12,9,804,598,18,53,60,234,57,18,2467,822,2485,0,AA,4647,1
6543,156,10,2515,30,18,45,610,50,50,0,0,0,0,0,NN,4647,1
6543,157,11,2515,30,18,237,610,242,50,0,0,0,0,0,NN,4647,1
6543,62,12,840,30,18,50,57,237,50,0,2485,840,2515,0,NN,4647,1
6543,22,13,804,598,18,53,175,234,172,18,1949,822,1967,0,AA,4647,1
6543,5,14,804,1901,18,53,600,234,175,18,48,822,1949,0,NN,4647,1
6543,5,15,804,500,18,53,172,234,60,18,1967,822,2467,0,NN,4647,1
6543,52,16,804,596,18,53,509,234,506,18,448,822,466,0,NN,4647,1
6543,22,17,804,596,18,53,442,234,439,18,748,822,766,0,AA,4647,1
6543,52,18,804,596,18,53,376,234,373,18,1048,822,1066,0,NN,4647,1
6543,22,19,804,596,18,53,309,234,306,18,1348,822,1366,0,AA,4647,1
6543,52,20,804,596,18,53,242,234,239,18,1648,822,1666,0,NN,4647,1
6544,18,1,0,600,0,50,610,417,610,0,0,1656,0,0,NN,0,1
6544,20,2,0,600,0,50,610,50,50,0,0,0,2529,0,NN,0,1
6544,19,3,0,600,0,50,50,417,50,0,2529,1656,2529,0,NN,0,1
6544,21,4,0,600,0,417,610,417,50,1656,0,1656,2529,0,NN,0,1
6544,15,5,2529,600,18,50,610,53,50,0,0,18,2529,0,NN,4873,1
6544,30,6,2529,600,18,414,610,417,50,1638,0,1656,2529,0,NN,4873,1
6544,156,7,2527,30,18,45,610,50,50,0,0,0,0,0,NN,4873,1
6544,157,8,2527,30,18,417,610,422,50,0,0,0,0,0,NN,4873,1
6544,85,9,1620,48,62,54,44,413,36,18,0,1638,48,0,NN,4873,1
6544,39,10,1620,92,18,54,8,413,0,18,2511,1638,2529,0,NN,4873,1
6544,22,11,1620,500,18,53,140,414,137,18,2118,1638,2136,0,AA,4873,1
6544,44,12,2118,498,18,231,610,234,140,819,0,837,2118,0,NN,4873,1
6544,22,13,801,496,18,53,365,231,362,18,1100,819,1118,0,AA,4873,1
6544,52,14,801,496,18,234,545,414,542,837,287,1638,305,0,NN,4873,1
6544,22,15,801,496,18,234,478,414,475,837,592,1638,610,0,AA,4873,1
6544,52,16,801,496,18,234,410,414,407,837,897,1638,915,0,NN,4873,1
6544,22,17,801,496,18,234,343,414,340,837,1202,1638,1220,0,AA,4873,1
6544,52,18,801,496,18,234,275,414,272,837,1507,1638,1525,0,NN,4873,1
6544,52,19,801,496,18,234,208,414,205,837,1812,1638,1830,0,NN,4873,1
6544,32,20,801,0,0,53,147,231,147,0,0,0,0,0,NN,5572,1
6544,32,21,801,0,0,53,372,231,372,0,0,0,0,0,NN,5572,1
6545,18,1,0,495,0,50,610,489,610,0,0,2056,0,0,NN,0,1
6545,20,2,0,495,0,50,610,50,50,0,0,0,2620,0,NN,0,1
6545,19,3,0,495,0,50,50,489,50,0,2620,2056,2620,0,NN,0,1
6545,21,4,0,495,0,489,610,489,50,2056,0,2056,2620,0,NN,0,1
